index,year,image,name,inducted_members,prior_nominations,induction_presenter,artist,image_url,artist_url
0,1986,,Chuck Berry,,Inaugural class,Keith Richards,Chuck Berry,/wiki/File:Chuck_Berry_1957.jpg,/wiki/Chuck_Berry
1,1986,,James Brown,,Inaugural class,Steve Winwood,James Brown,/wiki/File:James_Brown_Live_Hamburg_1973_1702730029.jpg,/wiki/James_Brown
2,1986,,Ray Charles,,Inaugural class,Quincy Jones,Ray Charles,/wiki/File:Ray_Charles_classic_piano_pose.jpg,/wiki/Ray_Charles
3,1986,,Sam Cooke,,Inaugural class,Herb Alpert,Sam Cooke,/wiki/File:Sam_Cooke_2.jpg,/wiki/Sam_Cooke
4,1986,,Fats Domino,,Inaugural class,Billy Joel,Fats Domino,/wiki/File:Fats_Domino_in_Amsterdam_1962_(crop).jpg,/wiki/Fats_Domino
5,1986,,The Everly Brothers,Don Everly and Phil Everly.[8],Inaugural class,Neil Young,The Everly Brothers,/wiki/File:Everly_Brothers_-_Cropped.jpg,/wiki/The_Everly_Brothers
6,1986,,Buddy Holly[9],,Inaugural class,John Fogerty,Buddy Holly,/wiki/File:Buddy_Holly_cropped.JPG,/wiki/Buddy_Holly
7,1986,,Jerry Lee Lewis,,Inaugural class,Hank Williams Jr.,Jerry Lee Lewis,/wiki/File:Jerry_Lee_Lewis_1950s_publicity_photo_cropped_retouched.jpg,/wiki/Jerry_Lee_Lewis
8,1986,,Little Richard[10],,Inaugural class,Roberta Flack,Little Richard,/wiki/File:Little_Richard_(1967).png,/wiki/Little_Richard
9,1986,,Elvis Presley[11],,Inaugural class,Julian and Sean Lennon,Elvis Presley,/wiki/File:Elvis_Presley_promoting_Jailhouse_Rock.jpg,/wiki/Elvis_Presley
10,1987,,The Coasters,"Carl Gardner, Cornell Gunter, Billy Guy, and Will ""Dub"" Jones.[12]",1 (1986),Lester Sill,The Coasters,/wiki/File:The_Coasters_1957.JPG,/wiki/The_Coasters
11,1987,,Eddie Cochran,,1 (1986),Mick Jones,Eddie Cochran,/wiki/File:Eddie_Cochran.jpg,/wiki/Eddie_Cochran
12,1987,,Bo Diddley,,1 (1986),ZZ Top,Bo Diddley,/wiki/File:Bo_Diddley_(1957_publicity_portrait).jpg,/wiki/Bo_Diddley
13,1987,,Aretha Franklin,,First nomination,Keith Richards,Aretha Franklin,/wiki/File:Aretha_Franklin_1968.jpg,/wiki/Aretha_Franklin
14,1987,,Marvin Gaye,,1 (1986),Nick Ashford and Valerie Simpson,Marvin Gaye,/wiki/File:Marvin_Gaye_(1973_publicity_photo).jpg,/wiki/Marvin_Gaye
15,1987,,Bill Haley,,1 (1986),Chuck Berry,Bill Haley,/wiki/File:Bill_Haley_(1974).jpg,/wiki/Bill_Haley
16,1987,,B.B. King,,1 (1986),Sting,B.B. King,/wiki/File:B.B._King_Hamburg_1971.jpg,/wiki/B.B._King
17,1987,,Clyde McPhatter,,1 (1986),Ben E. King,The Drifters,/wiki/File:Clyde_McPhatter.png,/wiki/Clyde_McPhatter
18,1987,,Ricky Nelson,,1 (1986),John Fogerty,Ricky Nelson,/wiki/File:Decca_Records_Rick_Nelson_1966.jpg,/wiki/Ricky_Nelson
19,1987,,Roy Orbison,,1 (1986),Bruce Springsteen,Roy Orbison,/wiki/File:Roy_Orbison_1965_(2).png,/wiki/Roy_Orbison
20,1987,,Carl Perkins,,First nomination,Sam Phillips,Carl Perkins,/wiki/File:Carl_Perkins_1977.jpg,/wiki/Carl_Perkins
21,1987,,Smokey Robinson,,1 (1986),Daryl Hall and John Oates,Smokey Robinson,/wiki/File:Smokey_Robinson_by_Gage_Skidmore.jpg,/wiki/Smokey_Robinson
22,1987,,Big Joe Turner,,1 (1986),Doc Pomus,Big Joe Turner,/wiki/File:Big_Joe_in_Hamburg_1973.jpg,/wiki/Big_Joe_Turner
23,1987,,Muddy Waters,,1 (1986),Paul Butterfield,Muddy Waters,/wiki/File:Muddy_Waters_november_1976.jpg,/wiki/Muddy_Waters
24,1987,,Jackie Wilson,,1 (1986),Peter Wolf,Jackie Wilson,/wiki/File:Jackie_Wilson_1961.jpg,/wiki/Jackie_Wilson
25,1988,,The Beach Boys,"Al Jardine, Mike Love, Brian Wilson, Carl Wilson, and Dennis Wilson.[13]",First nomination; First year of eligibility,Elton John,The Beach Boys,/wiki/File:The_Beach_Boys_(1965).png,/wiki/The_Beach_Boys
26,1988,,The Beatles,"George Harrison, John Lennon, Paul McCartney, and Ringo Starr.[14]",First nomination; First year of eligibility,Mick Jagger,The Beatles,/wiki/File:The_Beatles_members_at_New_York_City_in_1964.jpg,/wiki/The_Beatles
27,1988,,The Drifters,"Ben E. King, Rudy Lewis, Clyde McPhatter, Johnny Moore, Bill Pinkney, Charlie Thomas, and Gerhart Thrasher.[15]",1 (1986),Billy Joel,The Drifters,/wiki/File:The_Drifters.png,/wiki/The_Drifters
28,1988,,Bob Dylan,,First nomination; First year of eligibility,Bruce Springsteen,Bob Dylan,/wiki/File:Bob_Dylan_1984_Barcelona.jpg,/wiki/Bob_Dylan
29,1988,,The Supremes,"Florence Ballard, Diana Ross, and Mary Wilson.[16]",1 (1987),Little Richard,The Supremes,/wiki/File:The_Supremes_1966.JPG,/wiki/The_Supremes
30,1989,,Dion,,"3 (1986, 1987, 1988)",Lou Reed,Dion,/wiki/File:DionDiMucci.jpg,/wiki/Dion_DiMucci
31,1989,,Otis Redding,,First nomination,Little Richard,Otis Redding,/wiki/File:Otis_Redding_(2).png,/wiki/Otis_Redding
32,1989,,The Rolling Stones,"Mick Jagger, Brian Jones, Keith Richards, Ian Stewart, Mick Taylor, Charlie Watts, Ronnie Wood, and Bill Wyman.[17]",First nomination; First year of eligibility,Pete Townshend,The Rolling Stones,"/wiki/File:Rolling_Stones_in_Beverly_Hills,_1965.jpg",/wiki/The_Rolling_Stones
33,1989,,The Temptations,"Melvin Franklin, Eddie Kendricks, David Ruffin, Otis Williams, Paul Williams, and Dennis Edwards.[18]",First nomination,Daryl Hall and John Oates,The Temptations,/wiki/File:The-Temptations_(1964_publicity_photo_by_Kriegsmann).jpg,/wiki/The_Temptations
34,1989,,Stevie Wonder,,First nomination,Paul Simon,Stevie Wonder,/wiki/File:Stevie_Wonder_1973.JPG,/wiki/Stevie_Wonder
36,1990,,Hank Ballard,,"4 (1986, 1987, 1988, 1989)",Boz Scaggs,Hank Ballard,/wiki/File:Hank-Ballard.jpg,/wiki/Hank_Ballard
37,1990,,Bobby Darin,,"4 (1986, 1987, 1988, 1989)",Paul Anka,Bobby Darin,/wiki/File:Bobby_Darin_1959.JPG,/wiki/Bobby_Darin
38,1990,,The Four Seasons,"Tom DeVito, Bob Gaudio, Nick Massi, and Frankie Valli.[19]","2 (1988, 1989)",Bob Crewe,The Four Seasons,/wiki/File:The_4_Seasons_(1966).png,/wiki/The_Four_Seasons_(band)
39,1990,,The Four Tops,"Renaldo ""Obie"" Benson, Abdul ""Duke"" Fakir, Lawrence Payton, and Levi Stubbs.[20]",1 (1989),Stevie Wonder,The Four Tops,"/wiki/File:Grand_Gala_du_Disque_._The_Four_Tops,_Bestanddeelnr_921-1504.jpg",/wiki/Four_Tops
40,1990,,The Kinks,"Mick Avory, Dave Davies, Ray Davies, and Pete Quaife.[21]",First nomination; First year of eligibility,Graham Nash,The Kinks,/wiki/File:Helmfrid-sofa4_Touched.JPG,/wiki/The_Kinks
41,1990,,The Platters,"David Lynch, Herb Reed, Paul Robi, Zola Taylor, and Tony Williams.[22]","2 (1988, 1989)",Phil Spector,The Platters,/wiki/File:The_Platters_First_Promo_Photo_crop.JPG,/wiki/The_Platters
42,1990,,Simon & Garfunkel,Paul Simon and Art Garfunkel.[23],First nomination; First year of eligibility,James Taylor,Simon & Garfunkel,/wiki/File:SimonandGarfunkel.jpg,/wiki/Simon_%26_Garfunkel
43,1990,,The Who,"Roger Daltrey, John Entwistle, Keith Moon, and Pete Townshend.[24]",First nomination; First year of eligibility,U2,The Who,/wiki/File:The_Who_in_1965.png,/wiki/The_Who
44,1991,,LaVern Baker,,"5 (1986, 1987, 1988, 1989, 1990)",Chaka Khan,LaVern Baker,/wiki/File:LaVern_Baker_1956.jpg,/wiki/LaVern_Baker
45,1991,,The Byrds,"Gene Clark, Michael Clarke, David Crosby, Chris Hillman, and Roger McGuinn.[25]",First nomination; First year of eligibility,Don Henley,The Byrds,/wiki/File:The_Byrds_1965.png,/wiki/The_Byrds
46,1991,,John Lee Hooker,,First nomination,Bonnie Raitt,John Lee Hooker,/wiki/File:John_Lee_Hooker_two.jpg,/wiki/John_Lee_Hooker
47,1991,,The Impressions,"Curtis Mayfield, Sam Gooden, Fred Cash, Arthur Brooks, Richard Brooks, and Jerry Butler.[26]","2 (1989, 1990)",Tracy Chapman,The Impressions,"/wiki/File:The_Impressions,_1964.png",/wiki/The_Impressions
48,1991,,Wilson Pickett[27],,"2 (1989, 1990)",Bobby Brown,Wilson Pickett,/wiki/File:Wilson_Pickett_1970s_press_photo.jpg,/wiki/Wilson_Pickett
49,1991,,Jimmy Reed,,"5 (1986, 1987, 1988, 1989, 1990)",ZZ Top,Jimmy Reed,/wiki/File:JimmyReed.jpg,/wiki/Jimmy_Reed
50,1991,,Ike & Tina Turner,Ike Turner and Tina Turner.[28],"2 (1989, 1990)",Phil Spector,Ike & Tina Turner,/wiki/File:Ike_%26_Tina_Turner_Midnight_Special_1974.jpg,/wiki/Ike_%26_Tina_Turner
51,1992,,"Bobby ""Blue"" Bland",,"5 (1986, 1987, 1988, 1989, 1991)",B.B. King,"Bobby ""Blue"" Bland",/wiki/File:BobbyBland1996.jpg,/wiki/Bobby_Bland
52,1992,,Booker T. & the M.G.'s,"Booker T. Jones, Steve Cropper, Donald ""Duck"" Dunn, Al Jackson Jr., and Lewie Steinberg.[29]","2 (1988, 1989)",Jim Stewart,Booker T. & the M.G.'s,/wiki/File:Booker_T._%26_the_M.G%27s.png,/wiki/Booker_T._%26_the_M.G.%27s
53,1992,,Johnny Cash,,"2 (1990, 1991)",Lyle Lovett,Johnny Cash,/wiki/File:JohnnyCash1969.jpg,/wiki/Johnny_Cash
54,1992,,The Isley Brothers,"Ernie Isley, Marvin Isley, O'Kelly Isley Jr., Ronald Isley, Rudolph Isley, and Chris Jasper.[30]",First nomination,Little Richard,The Isley Brothers,/wiki/File:The_Isley_Brothers.png,/wiki/The_Isley_Brothers
55,1992,,The Jimi Hendrix Experience,"Jimi Hendrix, Mitch Mitchell, and Noel Redding.[31]",First nomination; First year of eligibility,Neil Young,The Jimi Hendrix Experience,/wiki/File:Jimi_Hendrix_experience_1968.jpg,/wiki/The_Jimi_Hendrix_Experience
56,1992,,Sam & Dave,Sam Moore and Dave Prater.[32],First nomination; First year of eligibility,Billy Joel,Sam & Dave,/wiki/File:Sam_%26_Dave_(2).png,/wiki/Sam_%26_Dave
57,1992,,The Yardbirds,"Jeff Beck, Eric Clapton, Chris Dreja, Jim McCarty, Jimmy Page, Keith Relf, and Paul Samwell-Smith.[33]","2 (1990, 1991)",The Edge,The Yardbirds,/wiki/File:The_Yardbirds_in_1965_(true_monochrome).jpg,/wiki/The_Yardbirds
58,1993,,Ruth Brown,,"5 (1986, 1987, 1988, 1989, 1990)",Bonnie Raitt,Ruth Brown,/wiki/File:Ruth-Brown-1955.jpg,/wiki/Ruth_Brown
59,1993,,Cream,"Ginger Baker, Jack Bruce, and Eric Clapton.[34]",1 (1992),ZZ Top,Cream,/wiki/File:Cream_Clapton_Bruce_Baker_1960s.jpg,/wiki/Cream_(band)
60,1993,,Creedence Clearwater Revival,"Doug Clifford, Stu Cook, John Fogerty, and Tom Fogerty.[35]",First nomination; First year of eligibility,Bruce Springsteen,Creedence Clearwater Revival,/wiki/File:Creedence_Clearwater_Revival_1968.jpg,/wiki/Creedence_Clearwater_Revival
61,1993,,The Doors,"John Densmore, Robby Krieger, Ray Manzarek, and Jim Morrison.[36]",First nomination; First year of eligibility,Eddie Vedder,The Doors,/wiki/File:Doors_electra_publicity_photo.JPG,/wiki/The_Doors
62,1993,,Frankie Lymon & The Teenagers,"Herman Santiago, Jimmy Merchant, Sherman Garnes, Frankie Lymon, and Joe Negroni.[37]","7 (1986, 1987, 1988, 1989, 1990, 1991, 1992)",Boyz II Men,The Teenagers,/wiki/File:Frankie_Lymon_and_the_Teenagers.jpg,/wiki/Frankie_Lymon_%26_The_Teenagers
63,1993,,Etta James,,1 (1992),k.d. lang,Etta James,/wiki/File:Etta_James04.JPG,/wiki/Etta_James
64,1993,,Van Morrison,,First nomination; First year of eligibility,Robbie Robertson,Van Morrison,/wiki/File:Van-Morrison.jpg,/wiki/Van_Morrison
65,1993,,Sly and the Family Stone,"Gregg Errico, Larry Graham, Jerry Martini, Cynthia Robinson, Freddie Stone, Rosie Stone, and Sly Stone.[38]",First nomination; First year of eligibility,George Clinton,Sly and the Family Stone,/wiki/File:Sly_and_the_Family_Stone_(1968_publicity_photo).jpg,/wiki/Sly_and_the_Family_Stone
66,1994,,The Animals,"Eric Burdon, Chas Chandler, Alan Price, John Steel, and Hilton Valentine.[39]","2 (1990, 1993)",Dave Pirner,The Animals,/wiki/File:Eric_Burdon_%26_the_Animals.jpg,/wiki/The_Animals
67,1994,,The Band,"Rick Danko, Levon Helm, Garth Hudson, Richard Manuel, and Robbie Robertson.[40]",First nomination; First year of eligibility,Eric Clapton,The Band,/wiki/File:The_Band_(1969).png,/wiki/The_Band
68,1994,,Duane Eddy,,"7 (1986, 1987, 1988, 1989, 1990, 1991, 1992)",Mick Jones,Duane Eddy,/wiki/File:Duane_Eddy_1960.JPG,/wiki/Duane_Eddy
69,1994,,The Grateful Dead,"Tom Constanten, Jerry Garcia, Donna Jean Godchaux, Keith Godchaux, Mickey Hart, Robert Hunter, Bill Kreutzmann, Phil Lesh, Ron McKernan, Brent Mydland, Bob Weir, and Vince Welnick.[41]",1 (1993),Bruce Hornsby,The Grateful Dead,/wiki/File:Grateful_Dead_(1970).png,/wiki/Grateful_Dead
70,1994,,Elton John,,First nomination; First year of eligibility,Axl Rose,Elton John,/wiki/File:Elton_John_2023.jpg,/wiki/Elton_John
71,1994,,John Lennon,,First nomination; First year of eligibility,Paul McCartney,John Lennon,"/wiki/File:John_Lennon,_1974_(restored_cropped).jpg",/wiki/John_Lennon
72,1994,,Bob Marley,,1 (1990),Bono,Bob Marley,/wiki/File:Bob-Marley.jpg,/wiki/Bob_Marley
73,1994,,Rod Stewart,,1 (1993),Jeff Beck,Rod Stewart,/wiki/File:Rod_Stewart_(1971).png,/wiki/Rod_Stewart
74,1995,,The Allman Brothers Band,"Duane Allman, Gregg Allman, Dickey Betts, Jai Johanny Johanson, Berry Oakley, and Butch Trucks.[42]",First nomination; First year of eligibility,Willie Nelson,The Allman Brothers Band,/wiki/File:Allman_Brothers_Band_1969.jpg,/wiki/The_Allman_Brothers_Band
75,1995,,Al Green,,First nomination,Natalie Cole,Al Green,/wiki/File:Al_Green_1973.jpg,/wiki/Al_Green
76,1995,,Janis Joplin,,First nomination; First year of eligibility,Melissa Etheridge,Janis Joplin,/wiki/File:Janis_Joplin_seated_1970.JPG,/wiki/Janis_Joplin
77,1995,,Led Zeppelin,"John Bonham, John Paul Jones, Jimmy Page, and Robert Plant.[43]",First nomination; First year of eligibility,Steven Tyler and Joe Perry,Led Zeppelin,/wiki/File:Led_Zeppelin_-_promotional_image_(1971).jpg,/wiki/Led_Zeppelin
78,1995,,Martha and the Vandellas,"Rosalind Ashford, Annette Beard, Betty Kelly, Lois Reeves, and Martha Reeves.[44]","2 (1989, 1994)",Fred Schneider and Kate Pierson,Martha and the Vandellas,/wiki/File:Martha_and_the_Vandellas_1965.JPG,/wiki/Martha_and_the_Vandellas
79,1995,,Neil Young,,First nomination; First year of eligibility,Eddie Vedder,Neil Young,/wiki/File:DesertTrip2016-140_(29685063324)_(cropped).jpg,/wiki/Neil_Young
80,1995,,Frank Zappa,,"2 (1993, 1994)",Lou Reed,Frank Zappa,/wiki/File:Zappa.jpg,/wiki/Frank_Zappa
81,1996,,David Bowie,,1 (1992),Madonna and David Byrne,David Bowie,/wiki/File:David-Bowie_Chicago_2002-08-08_photoby_Adam-Bielawski-cropped.jpg,/wiki/David_Bowie
82,1996,,Gladys Knight & the Pips,"William Guest, Gladys Knight, Merald ""Bubba"" Knight, and Edward Patten.[45]","3 (1987, 1989, 1990)",Mariah Carey,Gladys Knight & the Pips,/wiki/File:DN-SC-82-07155.jpg,/wiki/Gladys_Knight_%26_the_Pips
83,1996,,Jefferson Airplane,"Marty Balin, Jack Casady, Spencer Dryden, Paul Kantner, Jorma Kaukonen, and Grace Slick.[46]",1 (1995),Mickey Hart and Phil Lesh,Jefferson Airplane,/wiki/File:Jefferson_Airplane.jpg,/wiki/Jefferson_Airplane
84,1996,,Little Willie John,,"7 (1986, 1987, 1988, 1989, 1990, 1993, 1995)",Stevie Wonder,Little Willie John,/wiki/File:Little_Willie_John.jpg,/wiki/Little_Willie_John
85,1996,,Pink Floyd,"Syd Barrett, David Gilmour, Nick Mason, Roger Waters, and Rick Wright.[47]",1 (1994),Billy Corgan,Pink Floyd,"/wiki/File:Pink_Floyd,_1971.jpg",/wiki/Pink_Floyd
86,1996,,The Shirelles,"Shirley Alston Reeves, Addie Harris, Doris Kenner-Jackson, and Beverly Lee.[48]","2 (1990, 1995)","Merry Clayton, Marianne Faithfull and Darlene Love",The Shirelles,/wiki/File:The_Shirelles_1962.jpg,/wiki/The_Shirelles
87,1996,,The Velvet Underground,"John Cale, Sterling Morrison, Lou Reed, and Maureen Tucker.[49]","4 (1992, 1993, 1994, 1995)",Patti Smith,The Velvet Underground,/wiki/File:Velvet_Underground_%26_Nico_publicity_photo_(retouched).jpg,/wiki/The_Velvet_Underground
88,1997,,Bee Gees,"Barry Gibb, Maurice Gibb, and Robin Gibb.[50]",1 (1996),Brian Wilson,Bee Gees,/wiki/File:Bee_Gees_1977.JPG,/wiki/Bee_Gees
89,1997,,Buffalo Springfield,"Richie Furay, Dewey Martin, Bruce Palmer, Stephen Stills, and Neil Young.[51]","4 (1992, 1993, 1994, 1995)",Tom Petty,Buffalo Springfield,/wiki/File:Buffalo_Springfield_in_1966.png,/wiki/Buffalo_Springfield
90,1997,,"Crosby, Stills & Nash","David Crosby, Graham Nash, and Stephen Stills.[52]",First nomination,James Taylor,"Crosby, Stills & Nash",/wiki/File:CSNY_8-1974_(1).jpg,"/wiki/Crosby,_Stills,_Nash_%26_Young"
91,1997,,The Jackson 5,"Jackie Jackson, Jermaine Jackson, Marlon Jackson, Michael Jackson, and Tito Jackson.[53]","3 (1994, 1995, 1996)",Diana Ross,The Jackson 5,/wiki/File:Jackson_5_tv_special_1972.JPG,/wiki/The_Jackson_5
92,1997,,Joni Mitchell,,"2 (1994, 1995)",Shawn Colvin,Joni Mitchell,/wiki/File:Joni_Mitchell_1983.jpg,/wiki/Joni_Mitchell
93,1997,,Parliament-Funkadelic,"Jerome Brailey, George Clinton, Bootsy Collins, Raymond Davis, Tiki Fulwood, Glenn Goins, Michael Hampton, Fuzzy Haskins, Eddie Hazel, Walter Morrison, Cordell Mosson, William ""Billy Bass"" Nelson, Garry Shider, Calvin Simon, Grady Thomas, and Bernie Worrell.[54]","2 (1995, 1996)",Prince,Parliament-Funkadelic,/wiki/File:George_Clinton_2006.jpg,/wiki/Parliament-Funkadelic
94,1997,,The (Young) Rascals,"Eddie Brigati, Felix Cavaliere, Gene Cornish, and Dino Danelli.[55]","3 (1993, 1994, 1996)",Steven Van Zandt,The Rascals,/wiki/File:The_Rascals_1969.JPG,/wiki/The_Rascals
95,1998,,Eagles,"Don Felder, Glenn Frey, Don Henley, Bernie Leadon, Randy Meisner, Timothy B. Schmit, and Joe Walsh.[56]",First nomination; First year of eligibility,Jimmy Buffett,Eagles,/wiki/File:Eagles.jpg,/wiki/Eagles_(band)
96,1998,,Fleetwood Mac,"Lindsey Buckingham, Mick Fleetwood, Peter Green, Danny Kirwan, Christine McVie, John McVie, Stevie Nicks, and Jeremy Spencer.[57]",First nomination,Sheryl Crow,Fleetwood Mac,/wiki/File:Fleetwood_Mac_Billboard_1977.jpg,/wiki/Fleetwood_Mac
97,1998,,The Mamas & the Papas,"Denny Doherty, Cass Elliot, John Phillips, and Michelle Phillips.[58]",1 (1997),Shania Twain,The Mamas & the Papas,/wiki/File:The_Mamas_and_the_Papas_Ed_Sullivan_Show_1968.JPG,/wiki/The_Mamas_%26_the_Papas
98,1998,,Lloyd Price,,"6 (1986, 1987, 1988, 1989, 1996, 1997)",Tony Rich,Lloyd Price,/wiki/File:LloydPrice1996.jpg,/wiki/Lloyd_Price
99,1998,,Santana,"Jose Chepito Areas, David Brown, Michael Carabello, Gregg Rolie, Carlos Santana, and Michael Shrieve.[59]",First nomination,John Popper,Santana,/wiki/File:Santana_(1971).png,/wiki/Santana_(band)
100,1998,,Gene Vincent,,"6 (1986, 1987, 1988, 1989, 1990, 1991)",John Fogerty,Gene Vincent,/wiki/File:Gene_Vincent_1957.JPG,/wiki/Gene_Vincent
101,1998,,Gene Vincent,,"6 (1986, 1987, 1988, 1989, 1990, 1991)",John Fogerty,Gene Vincent,/wiki/File:Gene_Vincent_photo.jpg,/wiki/Gene_Vincent
102,1999,,Billy Joel,,1 (1998),Ray Charles,Billy Joel,/wiki/File:Billy_Joel_-_Perth_7_November_2006.jpg,/wiki/Billy_Joel
103,1999,,Curtis Mayfield,,First nomination,Sean Combs,Curtis Mayfield,/wiki/File:Curtis_Mayfield.png,/wiki/Curtis_Mayfield
104,1999,,Paul McCartney,,First nomination,Neil Young,Paul McCartney,/wiki/File:Paul_McCartney_black_and_white_2010.jpg,/wiki/Paul_McCartney
105,1999,,Del Shannon[60],,"5 (1987, 1988, 1989, 1990, 1998)",Art Alexakis,Del Shannon,/wiki/File:Del_Shannon_1965.jpg,/wiki/Del_Shannon
106,1999,,Dusty Springfield[61],,1 (1998),Elton John,Dusty Springfield,/wiki/File:Dusty_Springfield.png,/wiki/Dusty_Springfield
107,1999,,Bruce Springsteen,,First nomination; First year of eligibility,Bono,Bruce Springsteen,/wiki/File:Bruce_Springsteen_-_Roskilde_Festival_2012.jpg,/wiki/Bruce_Springsteen
108,1999,,The Staple Singers,"Cleotha Staples, Mavis Staples, Pervis Staples, Pops Staples, and Yvonne Staples.[62]",First nomination,Lauryn Hill,The Staple Singers,/wiki/File:Staple_Singers_on_Soul_Train.jpg,/wiki/The_Staple_Singers
109,2000,,Eric Clapton,,First nomination,Robbie Robertson,Eric Clapton,/wiki/File:Eric_Clapton_2.jpg,/wiki/Eric_Clapton
110,2000,,"Earth, Wind & Fire","Philip Bailey, Larry Dunn, Johnny Graham, Ralph Johnson, Al McKay, Fred White, Maurice White, Verdine White, and Andrew Woolfolk.[63]",1 (1998),Lil Kim,"Earth, Wind & Fire","/wiki/File:Earth,_Wind_%26_Fire_(2).jpg","/wiki/Earth,_Wind_%26_Fire"
111,2000,,The Lovin' Spoonful,"Steve Boone, Joe Butler, John Sebastian, and Zal Yanovsky.[64]",First nomination,John Mellencamp,The Lovin' Spoonful,/wiki/File:Lovin_Spoonful_1965.jpg,/wiki/The_Lovin%27_Spoonful
112,2000,,The Moonglows,"Prentiss Barnes, Harvey Fuqua, Peter Graves, Billy Johnson, and Bobby Lester.[65]","6 (1991, 1994, 1996, 1997, 1998, 1999)",Paul Simon,The Moonglows,/wiki/File:The_Moonglows_1956.jpg,/wiki/The_Moonglows
113,2000,,Bonnie Raitt,,First nomination,Melissa Etheridge,Bonnie Raitt,/wiki/File:Bonnie_Raitt_2000.jpg,/wiki/Bonnie_Raitt
114,2000,,James Taylor,,First nomination,Paul McCartney,James Taylor,/wiki/File:James_Taylor_-_Columbia.jpg,/wiki/James_Taylor
115,2001,,Aerosmith,"Tom Hamilton, Joey Kramer, Joe Perry, Steven Tyler, and Brad Whitford.[66]",1 (2000),Kid Rock,Aerosmith,/wiki/File:Aerosmith_member.png,/wiki/Aerosmith
116,2001,,Solomon Burke,,"8 (1987, 1989, 1990, 1996, 1997, 1998, 1999, 2000)",Mary J. Blige,Solomon Burke,/wiki/File:Solomon_Burke.jpg,/wiki/Solomon_Burke
117,2001,,The Flamingos,"Jake Carey, Zeke Carey, Johnny Carter, Tommy Hunt, Terry ""Buzzy"" Johnson, Sollie McElroy, Nate Nelson, and Paul Wilson.[67]","4 (1987, 1996, 1999, 2000)",Frankie Valli,The Flamingos,/wiki/File:The_Flamingos_-_1957.jpg,/wiki/The_Flamingos
118,2001,,Michael Jackson,,First nomination,NSYNC,Michael Jackson,/wiki/File:Michael_Jackson_in_1988.jpg,/wiki/Michael_Jackson
119,2001,,Queen,"John Deacon, Brian May, Freddie Mercury, and Roger Taylor.[68]",1 (2000),Dave Grohl and Taylor Hawkins,Queen,/wiki/File:Queen_A_Night_At_The_Opera_(1975_Elektra_publicity_photo_02).jpg,/wiki/Queen_(band)
120,2001,,Paul Simon,,First nomination,Marc Anthony,Paul Simon,/wiki/File:Paul_Simon_in_1982.jpg,/wiki/Paul_Simon
121,2001,,Steely Dan,Walter Becker and Donald Fagen.[69],"2 (1999, 2000)",Moby,Steely Dan,/wiki/File:Becker_%26_Fagen_of_Steely_Dan_at_Pori_Jazz_2007.jpg,/wiki/Steely_Dan
122,2001,,Ritchie Valens,,"2 (1999, 2000)",Ricky Martin,Ritchie Valens,/wiki/File:Ritchie_Valens_1959_press_photo.jpg,/wiki/Ritchie_Valens
123,2002,,Isaac Hayes,,First nomination,Alicia Keys,Isaac Hayes,/wiki/File:Issac_Hayes_1971_press_photo.jpg,/wiki/Isaac_Hayes
124,2002,,Brenda Lee,,"2 (1990, 2001)",Jewel,Brenda Lee,/wiki/File:Brenda_Lee_1977.JPG,/wiki/Brenda_Lee
125,2002,,Tom Petty and the Heartbreakers,"Tom Petty, Ron Blair, Mike Campbell, Howie Epstein, Stan Lynch, and Benmont Tench.[70]",First nomination; First year of eligibility,Jakob Dylan,Tom Petty and the Heartbreakers,/wiki/File:Tom_Petty_and_the_Heartbreakers_1977.jpg,/wiki/Tom_Petty_and_the_Heartbreakers
126,2002,,Gene Pitney[71],,"6 (1989, 1990, 1992, 1997, 1998, 1999)",Darlene Love,Gene Pitney,/wiki/File:Gene_Pitney_1967.JPG,/wiki/Gene_Pitney
127,2002,,Ramones,"Dee Dee Ramone, Joey Ramone, Johnny Ramone, Marky Ramone, and Tommy Ramone.[72]",First nomination; First year of eligibility,Eddie Vedder,Ramones,/wiki/File:Ramones_rocket_to_russia_photo.jpg,/wiki/Ramones
128,2002,,Talking Heads,"David Byrne, Chris Frantz, Jerry Harrison, and Tina Weymouth.[73]",First nomination; First year of eligibility,Anthony Kiedis,Talking Heads,/wiki/File:Talking_Heads_Remain_In_Light_(1980_Sire_publicity_photo).jpg,/wiki/Talking_Heads
129,2003,,AC/DC,"Brian Johnson, Phil Rudd, Bon Scott, Cliff Williams, Angus Young, and Malcolm Young.[74]","2 (2001, 2002)",Steven Tyler,AC/DC,/wiki/File:ACDC_In_Tacoma_2009.jpg,/wiki/AC/DC
130,2003,,The Clash,"Terry Chimes, Topper Headon, Mick Jones, Paul Simonon, and Joe Strummer.[75]",First nomination; First year of eligibility,The Edge and Tom Morello,The Clash,/wiki/File:Clash_21051980_12_800.jpg,/wiki/The_Clash
131,2003,,Elvis Costello & the Attractions,"Elvis Costello, Steve Nieve, Bruce Thomas, and Pete Thomas.[76]",First nomination; First year of eligibility,Elton John,Elvis Costello & the Attractions,/wiki/File:Elvis_Costello_2012.JPG,/wiki/Elvis_Costello_%26_the_Attractions
132,2003,,The Police,"Stewart Copeland, Sting, and Andy Summers.[77]",First nomination; First year of eligibility,Gwen Stefani,The Police,/wiki/File:The_Police_%22Reggatta_de_Blanc%22_(1979_A%26M_publicity_photo).jpg,/wiki/The_Police
133,2003,,The Righteous Brothers,Bobby Hatfield and Bill Medley.[78],First nomination,Billy Joel,The Righteous Brothers,/wiki/File:TheRighteousBrothersperformingKBF.jpg,/wiki/The_Righteous_Brothers
134,2004,,Jackson Browne[79],,1 (2002),Bruce Springsteen,Jackson Browne,/wiki/File:Jackson_Browne-1980.jpg,/wiki/Jackson_Browne
135,2004,,The Dells,"Verne Allison, Chuck Barksdale, Johnny Carter, Johnny Funches, Marvin Junior, and Michael McGill.[80]","2 (2002, 2003)",Robert Townsend,The Dells,/wiki/File:The_Dells.png,/wiki/The_Dells
136,2004,,George Harrison,,First nomination,Tom Petty and Jeff Lynne,George Harrison,/wiki/File:George_Harrison_1974_(cropped).jpg,/wiki/George_Harrison
137,2004,,Prince,,First nomination; First year of eligibility,Outkast and Alicia Keys,Prince,/wiki/File:Prince_1981.jpg,/wiki/Prince_(musician)
138,2004,,Bob Seger,,1 (2001),Kid Rock,Bob Seger,/wiki/File:Bob_Seger_1977.JPG,/wiki/Bob_Seger
139,2004,,Traffic,"Jim Capaldi, Dave Mason, Steve Winwood, and Chris Wood.[81]",First nomination,Dave Matthews,Traffic,/wiki/File:Traffic_1973.jpg,/wiki/Traffic_(band)
141,2004,,ZZ Top,"Frank Beard, Billy Gibbons, and Dusty Hill.[82]",First nomination,Keith Richards,ZZ Top,/wiki/File:ZZ_Top_Live.jpg,/wiki/ZZ_Top
142,2005,,Buddy Guy,,First nomination,Eric Clapton and B.B. King,Buddy Guy,/wiki/File:Buddy_Guy_2008_(3x4_cropped).jpg,/wiki/Buddy_Guy
143,2005,,The O'Jays,"Eddie Levert, Bobby Massey, William Powell, Sammy Strain, and Walter Williams.[83]",1 (2000),Justin Timberlake,The O'Jays,/wiki/File:The_O%27Jays-photo-by-raymond-boyd.jpg,/wiki/The_O%27Jays
144,2005,,The Pretenders,"Martin Chambers, Pete Farndon, James Honeyman-Scott, and Chrissie Hynde.[84]",First nomination; First year of eligibility,Neil Young,The Pretenders,/wiki/File:The_Pretenders_Learning_To_Crawl_(1984_Sire_publicity_photo).jpg,/wiki/The_Pretenders
145,2005,,Percy Sledge,,First nomination,Rod Stewart,Percy Sledge,/wiki/File:Percy_Sledge_at_the_Alabama_Music_Hall_of_Fame_Concert.jpg,/wiki/Percy_Sledge
146,2005,,U2,"Bono, Adam Clayton, The Edge, and Larry Mullen, Jr.[85]",First nomination; First year of eligibility,Bruce Springsteen,U2,/wiki/File:U2_performing_on_Experience_and_Innocence_Tour_in_London_10-24-18_(3).jpg,/wiki/U2
147,2006,,Black Sabbath,"Geezer Butler, Tony Iommi, Ozzy Osbourne, and Bill Ward.[86]","7 (1997, 1999, 2000, 2001, 2002, 2003, 2004)",James Hetfield and Lars Ulrich,Black Sabbath,/wiki/File:Sabs.jpg,/wiki/Black_Sabbath
148,2006,,Blondie,"Clem Burke, Jimmy Destri, Nigel Harrison, Debbie Harry, Frank Infante, Chris Stein, and Gary Valentine.[87]",First nomination,Shirley Manson,Blondie,/wiki/File:Blondie1977.jpg,/wiki/Blondie_(band)
149,2006,,Miles Davis[88],,First nomination,Herbie Hancock,Miles Davis,/wiki/File:Miles_Davis_by_Palumbo.jpg,/wiki/Miles_Davis
150,2006,,Lynyrd Skynyrd,"Bob Burns, Allen Collins, Steve Gaines, Ed King, Billy Powell, Artimus Pyle, Gary Rossington, Ronnie Van Zant, and Leon Wilkeson.[89]","6 (1997, 2001, 2002, 2003, 2004, 2005)",Kid Rock,Lynyrd Skynyrd,/wiki/File:Lynyrd_Skynyrd_(1977).jpg,/wiki/Lynyrd_Skynyrd
151,2006,,Sex Pistols,"Paul Cook, Steve Jones, Glen Matlock, John Lydon, and Sid Vicious.[90]","4 (2002, 2003, 2004, 2005)",Jann Wenner,Sex Pistols,/wiki/File:Sex_Pistols_in_Paradiso.jpg,/wiki/Sex_Pistols
152,2007,,Grandmaster Flash and the Furious Five,"Melvin ""Melle Mel"" Glover, Nathaniel ""The Kidd Creole"" Glover, Eddie ""Scorpio"" Morris, Joseph ""Grandmaster Flash"" Sadler, Robert Keith ""Keef Cowboy"" Wiggins, and Guy Todd ""Rahiem"" Williams.[91]","2 (2005, 2006)",Jay-Z,Grandmaster Flash and the Furious Five,/wiki/File:Grandmaster_Flash_and_The_Furious_Five_(1982_Sugar_Hill_Press_Photo).jpg,/wiki/Grandmaster_Flash_and_the_Furious_Five
153,2007,,R.E.M.,"Bill Berry, Peter Buck, Mike Mills, and Michael Stipe.[92]",First nomination; First year of eligibility,Eddie Vedder,R.E.M.,/wiki/File:Padova_REM_concert_July_22_2003_blue.jpg,/wiki/R.E.M.
154,2007,,The Ronettes,"Estelle Bennett, Ronnie Spector, and Nedra Talley.[93]",First nomination,Keith Richards,The Ronettes,/wiki/File:The_Ronettes.JPG,/wiki/The_Ronettes
155,2007,,Patti Smith[94],,"6 (2001, 2002, 2003, 2004, 2005, 2006)",Zack de la Rocha,Patti Smith,"/wiki/File:Patti_Smith,_1978_(cropped).jpg",/wiki/Patti_Smith
156,2007,,Van Halen,"Michael Anthony, Sammy Hagar, David Lee Roth, Alex Van Halen, and Eddie Van Halen.[95]",First nomination,Velvet Revolver,Van Halen,/wiki/File:Van_Halen_Lineup_1984.jpg,/wiki/Van_Halen
157,2008,,The Dave Clark Five,"Dave Clark, Lenny Davidson, Rick Huxley, Denis Payton, and Mike Smith.[96]","2 (2006, 2007)",Tom Hanks,The Dave Clark Five,/wiki/File:Dave_Clark_Five_1964.JPG,/wiki/The_Dave_Clark_Five
158,2008,,Leonard Cohen,,First nomination,Lou Reed,Leonard Cohen,"/wiki/File:Leonard_Cohen,_1988_01.jpg",/wiki/Leonard_Cohen
159,2008,,Madonna,,First nomination; First year of eligibility,Justin Timberlake,Madonna,/wiki/File:Rebel_Heart_3_(cropped).jpg,/wiki/Madonna
160,2008,,John Mellencamp,,"2 (2004, 2006)",Billy Joel,John Mellencamp,/wiki/File:John_Mellenkamp_2007_(cropped).jpg,/wiki/John_Mellencamp
161,2008,,The Ventures,"Bob Bogle, Nokie Edwards, Gerry McGee, Mel Taylor, and Don Wilson.[97]",First nomination,John Fogerty,The Ventures,/wiki/File:The_Ventures.png,/wiki/The_Ventures
162,2009,,Jeff Beck,,First nomination,Jimmy Page,Jeff Beck,/wiki/File:Early_Jeff_Beck.jpg,/wiki/Jeff_Beck
163,2009,,Little Anthony and the Imperials,"Clarence Collins, Anthony Gourdine, Tracy Lord, Glouster ""Nat"" Rogers, Sammy Strain, and Ernest Wright Jr.[98]",First nomination,Smokey Robinson,Little Anthony and the Imperials,/wiki/File:Imperials.jpg,/wiki/Little_Anthony_and_the_Imperials
164,2009,,Metallica,"Cliff Burton, Kirk Hammett, James Hetfield, Jason Newsted, Robert Trujillo, and Lars Ulrich.[99]",First nomination,Flea,Metallica,/wiki/File:Metallica_March_2024.jpg,/wiki/Metallica
165,2009,,Run-DMC,"Darryl ""D.M.C."" McDaniels, Jason ""Jam-Master Jay"" Mizell, and Joseph ""DJ Run"" Simmons.[100]",First nomination; First year of eligibility,Eminem,Run-DMC,/wiki/File:Run_DMC_(cropped).png,/wiki/Run-DMC
166,2009,,Bobby Womack,,First nomination,Ron Wood,Bobby Womack,/wiki/File:Bobby_Womack_-_Roskilde_Festival_2010_(cropped).jpg,/wiki/Bobby_Womack
167,2010,,ABBA,"Benny Andersson, Agnetha Fältskog, Anni-Frid Lyngstad, and Björn Ulvaeus.[101]",1 (2003),Barry and Robin Gibb,ABBA,/wiki/File:ABBA_-_TopPop_1974_5.png,/wiki/ABBA
168,2010,,Jimmy Cliff[102],,First nomination,Wyclef Jean,Jimmy Cliff,/wiki/File:JimmyCliff.jpg,/wiki/Jimmy_Cliff
169,2010,,Genesis,"Tony Banks, Phil Collins, Peter Gabriel, Steve Hackett, and Mike Rutherford.[103]",First nomination,Trey Anastasio,Genesis,/wiki/File:2180_-_Pittsburgh_-_Mellon_Arena_-_Genesis_-_The_Carpet_Crawlers.JPG,/wiki/Genesis_(band)
170,2010,,The Hollies,"Bernie Calvert, Allan Clarke, Bobby Elliott, Eric Haydock, Tony Hicks, Graham Nash, and Terry Sylvester.[104]",First nomination,Steven Van Zandt,The Hollies,/wiki/File:The_Hollies_(1965).png,/wiki/The_Hollies
171,2010,,The Stooges,"Dave Alexander, Ron Asheton, Scott Asheton, Iggy Pop, and James Williamson.[105]","7 (1997, 1998, 2004, 2005, 2006, 2007, 2009)",Billie Joe Armstrong,The Stooges,"/wiki/File:The_Stooges_%26_Iggy_Pop,_Poland,_Katowice_Off_Festval_2012-08-04.JPG",/wiki/The_Stooges
172,2011,,Alice Cooper,"Alice Cooper, Michael Owen Bruce, Glen Buxton, Dennis Dunaway, and Neal Smith.[106]",First nomination,Rob Zombie,Alice Cooper,/wiki/File:Alice_Cooper_Killer_Tour_1972.jpg,/wiki/Alice_Cooper_(band)
173,2011,,Neil Diamond,,First nomination,Paul Simon,Neil Diamond,/wiki/File:1afin-2795f.jpg,/wiki/Neil_Diamond
174,2011,,Dr. John,,First nomination,John Legend,Dr. John,/wiki/File:Dr._John_2.jpg,/wiki/Dr._John
175,2011,,Darlene Love,,"2 (1999, 2010)",Bette Midler,Darlene Love,/wiki/File:Darlene_Love_2013.jpg,/wiki/Darlene_Love
176,2011,,Tom Waits,,First nomination,Neil Young,Tom Waits,/wiki/File:Tom_Waits_(1974%E2%80%9375_Asylum_publicity_photo_-_headshot).jpg,/wiki/Tom_Waits
177,2012,,Beastie Boys,"Michael ""Mike D"" Diamond, Adam ""Ad-Rock"" Horovitz, and Adam ""MCA"" Yauch.[107]","2 (2008, 2011)",Chuck D and LL Cool J,Beastie Boys,/wiki/File:Beastie_Boys_2009_(6184423405).jpg,/wiki/Beastie_Boys
178,2012,,The Blue Caps[N1],"Backing band for Gene Vincent. Inducted: Tommy Facenda, Cliff Gallup, Dickie Harrell, Bobby Jones, Johnny Meeks, Jack Neal, Paul Peek, and Willie Williams.[108][N6]",,Smokey Robinson,The Blue Caps,/wiki/File:Gene_Vincent_photo.jpg,/wiki/Gene_Vincent
179,2012,,The Comets[N1],"Backing band for Bill Haley. Inducted: Joey Ambrose, Franny Beecher, Danny Cedrone, Johnny Grande, Ralph Jones, Marshall Lytle, Rudy Pompilli, Al Rex, Dick Richards, and Billy Williamson.[109][N6]",,Smokey Robinson,The Comets,/wiki/File:BillHaley.JPG,/wiki/Bill_Haley_%26_His_Comets
180,2012,,The Crickets[N1],"Backing band for Buddy Holly. Inducted: Jerry Allison, Sonny Curtis, Joe B. Mauldin, and Niki Sullivan.[110][N6]",,Smokey Robinson,The Crickets,/wiki/File:Buddy_Holly_and_The_Crickets_1957.JPG,/wiki/The_Crickets
181,2012,,Donovan[111],,1 (2011),John Mellencamp,Donovan,/wiki/File:Donovan_1969.JPG,/wiki/Donovan
182,2012,,The Famous Flames[N1],"Backing vocal group for James Brown. Inducted: Bobby Bennett, Bobby Byrd, Lloyd Stallworth, and Johnny Terry.[112][N6]",,Smokey Robinson,The Famous Flames,/wiki/File:James_Brown_and_Flames.jpg,/wiki/The_Famous_Flames
183,2012,,Guns N' Roses,"Steven Adler, Duff McKagan, Dizzy Reed, Axl Rose, Slash, Matt Sorum, and Izzy Stradlin.[113]",First nomination; First year of eligibility,Green Day,Guns N' Roses,/wiki/File:Gnr_rrhof.jpg,/wiki/Guns_N%27_Roses
184,2012,,The Midnighters[N1],"Backing vocal group for Hank Ballard. Inducted: Henry Booth, Billy Davis, Cal Green, Arthur Porter, Lawson Smith, Charles Sutton, Norman Thrasher, and Sonny Woods.[114][N6]",,Smokey Robinson,The Midnighters,"/wiki/File:Hank_Ballard_and_the_Midnighters,_1982-05-11c.jpg",/wiki/The_Midnighters
185,2012,,The Miracles[N1],"Backing vocal group for Smokey Robinson. Inducted: Claudette Rogers, Bobby Rogers, Ronald White, Marv Tarplin, and Pete Moore.[115][N6]",,Smokey Robinson,The Miracles,/wiki/File:Smokey_Robinson_%26_the_Miracles.png,/wiki/The_Miracles
186,2012,,Laura Nyro[116],,"2 (2010, 2011)",Bette Midler,Laura Nyro,/wiki/File:Laura_nyro_1968_2.png,/wiki/Laura_Nyro
187,2012,,Red Hot Chili Peppers,"Flea, John Frusciante, Jack Irons, Anthony Kiedis, Josh Klinghoffer, Cliff Martinez, Hillel Slovak, and Chad Smith.[117]",1 (2010),Chris Rock,Red Hot Chili Peppers,/wiki/File:Rhcp-live-pinkpop05.jpg,/wiki/Red_Hot_Chili_Peppers
188,2012,,The Small Faces / Faces,"Kenney Jones, Ronnie Lane, Ian McLagan, Steve Marriott, Rod Stewart, and Ronnie Wood.[118]",First nomination,Steven Van Zandt,The Small Faces / Faces,/wiki/File:The_Faces_(1970).png,/wiki/Faces_(band)
189,2013,,Heart,"Michael DeRosier, Roger Fisher, Steve Fossen, Howard Leese, Ann Wilson, and Nancy Wilson.[119]",1 (2012),Chris Cornell,Heart,"/wiki/File:VH1_Divas_Salute_the_Troops,_Heart.jpg",/wiki/Heart_(band)
190,2013,,Albert King,,First nomination,John Mayer,Albert King,/wiki/File:Albert_King_1978.jpg,/wiki/Albert_King
191,2013,,Randy Newman,,1 (2005),Don Henley,Randy Newman,/wiki/File:Randy_Newman_(1972).png,/wiki/Randy_Newman
192,2013,,Public Enemy,"Flavor Flav, Professor Griff, Terminator X, and Chuck D.[120]",First nomination; First year of eligibility,Harry Belafonte and Spike Lee,Public Enemy,/wiki/File:Public_Enemy_@_Sir_Stewart_Bovell_Park_(2_1_2011)_(5356059653).jpg,/wiki/Public_Enemy
193,2013,,Rush,"Geddy Lee, Alex Lifeson, and Neil Peart.[121]",First nomination,Dave Grohl and Taylor Hawkins,Rush,/wiki/File:Rush-in-concert.jpg,/wiki/Rush_(band)
194,2013,,Donna Summer,,"4 (2008, 2010, 2011, 2012)",Kelly Rowland,Donna Summer,/wiki/File:Donna_Summer_(1977_Casablanca_publicity_headshot).jpg,/wiki/Donna_Summer
195,2014,,Peter Gabriel,,First nomination,Chris Martin,Peter Gabriel,/wiki/File:Peter_Gabriel_Allan_Warren.jpg,/wiki/Peter_Gabriel
196,2014,,Hall & Oates,Daryl Hall and John Oates.[122],First nomination,Questlove,Hall & Oates,/wiki/File:Daryl_Hall_and_John_Oates_%22Voices%22_(1980_RCA_press_photo).jpg,/wiki/Hall_%26_Oates
197,2014,,Kiss,"Peter Criss, Ace Frehley, Gene Simmons, and Paul Stanley.[123]",1 (2010),Tom Morello,Kiss,/wiki/File:Kiss_Love_Gun_era.png,/wiki/Kiss_(band)
198,2014,,Nirvana,"Kurt Cobain, Dave Grohl, and Krist Novoselic.[124]",First nomination; First year of eligibility,Michael Stipe,Nirvana,/wiki/File:Nirvana_around_1992.jpg,/wiki/Nirvana_(band)
199,2014,,Linda Ronstadt,,First nomination,Glenn Frey,Linda Ronstadt,/wiki/File:Linda_Ronstadt_1976.jpg,/wiki/Linda_Ronstadt
200,2014,,Cat Stevens,,1 (2006),Art Garfunkel,Cat Stevens,/wiki/File:Cat_Stevens_(1972).png,/wiki/Cat_Stevens
201,2015,,The Paul Butterfield Blues Band,"Paul Butterfield, Mike Bloomfield, Elvin Bishop, Mark Naftalin, Jerome Arnold, Billy Davenport, and Sam Lay.[125]","3 (2006, 2013, 2014)",Peter Wolf,The Paul Butterfield Blues Band,"/wiki/File:Paul_Butterfield_Blues_Band,_circa_1967.jpg",/wiki/The_Paul_Butterfield_Blues_Band
202,2015,,Joan Jett & the Blackhearts,"Joan Jett, Kenny Laguna, Gary Ryan, Lee Crystal, and Ricky Byrd.[126]","2 (2012, 2013)",Miley Cyrus,Joan Jett & the Blackhearts,/wiki/File:Jett_Rocks.jpg,/wiki/Joan_Jett_%26_the_Blackhearts
203,2015,,Green Day,"Billie Joe Armstrong, Tré Cool, and Mike Dirnt.[127]",First nomination; First year of eligibility,Fall Out Boy,Green Day,"/wiki/File:Green_Day_-_Hella_Mega_Tour_-_August_10,_2021.jpg",/wiki/Green_Day
204,2015,,Lou Reed[128],,"2 (2000, 2001)",Patti Smith,Lou Reed,/wiki/File:Lou_Reed_1977.JPG,/wiki/Lou_Reed
205,2015,,Stevie Ray Vaughan and Double Trouble,"Stevie Ray Vaughan, Chris Layton, Tommy Shannon, and Reese Wynans.[129]",First nomination,John Mayer,Stevie Ray Vaughan and Double Trouble,/wiki/File:Stevie_Ray_Vaughan_and_Double_Trouble_(1983_publicity_photo_by_Don_Hunstein).jpg,/wiki/Stevie_Ray_Vaughan
206,2015,,Bill Withers[130],,First nomination,Stevie Wonder,Bill Withers,/wiki/File:Bill_Withers_1976.JPG,/wiki/Bill_Withers
207,2016,,Cheap Trick,"Bun E. Carlos, Rick Nielsen, Tom Petersson, and Robin Zander.[131]",First nomination,Kid Rock,Cheap Trick,/wiki/File:CheapTrick1977.jpg,/wiki/Cheap_Trick
208,2016,,Chicago,"Peter Cetera, Terry Kath, Robert Lamm, Lee Loughnane, James Pankow, Walter Parazaider, and Danny Seraphine.[132]",First nomination,Rob Thomas,Chicago,/wiki/File:Chicago_1975_press_photo.jpg,/wiki/Chicago_(band)
209,2016,,Deep Purple,"Ritchie Blackmore, David Coverdale, Rod Evans, Ian Gillan, Roger Glover, Glenn Hughes, Jon Lord, and Ian Paice.[133]","2 (2013, 2014)",Lars Ulrich,Deep Purple,/wiki/File:Deep_Purple_(1971).JPG,/wiki/Deep_Purple
210,2016,,N.W.A,"DJ Yella, Ice Cube, Dr. Dre, Eazy-E, and MC Ren.[134]","3 (2013, 2014, 2015)",Kendrick Lamar,N.W.A,"/wiki/File:NWA,_all_band_members.jpg",/wiki/N.W.A
211,2016,,Steve Miller[135],,First nomination,The Black Keys,Steve Miller,/wiki/File:Steve_Miller_in_1977.JPG,/wiki/Steve_Miller_(musician)
212,2017,,Joan Baez[136],,First nomination,Jackson Browne,Joan Baez,/wiki/File:Joan_Baez_1963_crop.jpg,/wiki/Joan_Baez
213,2017,,Electric Light Orchestra,"Bev Bevan, Jeff Lynne, Richard Tandy, and Roy Wood.[137]",First nomination,Dhani Harrison,Electric Light Orchestra,/wiki/File:ELO_-_Time_Tour_81-82.jpg,/wiki/Electric_Light_Orchestra
214,2017,,Journey,"Jonathan Cain, Aynsley Dunbar, Steve Perry, Gregg Rolie, Neal Schon, Steve Smith, and Ross Valory.[138]",First nomination,Pat Monahan,Journey,/wiki/File:Journeymm2002.jpg,/wiki/Journey_(band)
215,2017,,Pearl Jam,"Jeff Ament, Matt Cameron, Stone Gossard, Dave Krusen, Mike McCready, and Eddie Vedder.[139]",First nomination; First year of eligibility,David Letterman,Pearl Jam,/wiki/File:Pearl_Jam_New_York_2016_02.JPG,/wiki/Pearl_Jam
216,2017,,Tupac Shakur[140],,First nomination; First year of eligibility,Snoop Dogg,Tupac Shakur,/wiki/File:2pac_edit_cropped_further.jpg,/wiki/Tupac_Shakur
217,2017,,Yes,"Jon Anderson, Bill Bruford, Steve Howe, Tony Kaye, Trevor Rabin, Chris Squire, Rick Wakeman, and Alan White.[141]","2 (2014, 2016)",Geddy Lee and Alex Lifeson,Yes,/wiki/File:Yes_concert.jpg,/wiki/Yes_(band)
218,2018,,Bon Jovi,"Jon Bon Jovi, David Bryan, Hugh McDonald, Richie Sambora, Alec John Such, and Tico Torres.[142]",1 (2011),Howard Stern,Bon Jovi,/wiki/File:Bon_Jovi_1.jpg,/wiki/Bon_Jovi
219,2018,,The Cars,"Elliot Easton, Greg Hawkes, David Robinson, Ric Ocasek, and Benjamin Orr.[143]","2 (2016, 2017)",Brandon Flowers,The Cars,/wiki/File:The_Cars_1980_(Elektra_Press_Kit_Photo).jpg,/wiki/The_Cars
220,2018,,Dire Straits,"Alan Clark, Guy Fletcher, John Illsley, David Knopfler, Mark Knopfler, and Pick Withers.[144]",First nomination,John Illsley[N4],Dire Straits,/wiki/File:Dire_straits_22101985_23_800.jpg,/wiki/Dire_Straits
221,2018,,The Moody Blues,"Graeme Edge, Justin Hayward, Denny Laine, John Lodge, Mike Pinder, and Ray Thomas.[145]",First nomination,Ann Wilson,The Moody Blues,/wiki/File:The_Moody_Blues_923-9509.jpg,/wiki/The_Moody_Blues
222,2018,,Nina Simone[146],,First nomination,Mary J. Blige,Nina Simone,/wiki/File:Nina_Simone_1965.jpg,/wiki/Nina_Simone
223,2019,,The Cure,"Perry Bamonte, Jason Cooper, Michael Dempsey, Reeves Gabrels, Simon Gallup, Roger O'Donnell, Robert Smith, Porl Thompson, Lol Tolhurst, and Boris Williams.[147]",1 (2012),Trent Reznor,The Cure,/wiki/File:The_Cure_Live_in_Singapore_2-_1st_August_2007.jpg,/wiki/The_Cure
224,2019,,Def Leppard,"Rick Allen, Vivian Campbell, Phil Collen, Steve Clark, Joe Elliott, Rick Savage, and Pete Willis.[148]",First nomination,Brian May,Def Leppard,/wiki/File:Def_Leppard_2018.jpg,/wiki/Def_Leppard
225,2019,,Janet Jackson[149],,"2 (2016, 2017)",Janelle Monáe,Janet Jackson,/wiki/File:JanetJacksonUnbreakableTourSanFran2015_(cropped).jpg,/wiki/Janet_Jackson
226,2019,,Stevie Nicks[150],,First nomination,Harry Styles,Stevie Nicks,/wiki/File:Stevie_Nicks_Austin_2017_(13).jpg,/wiki/Stevie_Nicks
227,2019,,Radiohead,"Colin Greenwood, Jonny Greenwood, Ed O'Brien, Philip Selway, and Thom Yorke.[151]",1 (2018),David Byrne,Radiohead,/wiki/File:RadioheadMid2010s.jpg,/wiki/Radiohead
228,2019,,Roxy Music,"Brian Eno, Bryan Ferry, Eddie Jobson, Andy Mackay, Phil Manzanera, Graham Simpson, and Paul Thompson.[152][N5]",First nomination,Simon Le Bon and John Taylor,Roxy Music,/wiki/File:Roxy_Music_-_TopPop_1973_06.png,/wiki/Roxy_Music
229,2019,,The Zombies,"Rod Argent, Paul Atkinson, Colin Blunstone, Hugh Grundy, and Chris White.[153]","3 (2014, 2017, 2018)",Susanna Hoffs,The Zombies,/wiki/File:The_Zombies_-_London_Palladium_-_Friday_29th_September_2017_ZombiesPall290917-22_(36760168814).jpg,/wiki/The_Zombies
230,2020,,Depeche Mode,"Vince Clarke, Andy Fletcher, Dave Gahan, Martin Gore, and Alan Wilder.[154]","2 (2017, 2018)",Charlize Theron,Depeche Mode,/wiki/File:Depeche_Mode_1985.jpg,/wiki/Depeche_Mode
231,2020,,The Doobie Brothers,"Jeff ""Skunk"" Baxter, John Hartman, Michael Hossack, Tom Johnston, Keith Knudsen, Michael McDonald, John McFee, Tiran Porter, and Patrick Simmons.[155]",First nomination,Luke Bryan,The Doobie Brothers,/wiki/File:Doobie_Brothers_1974.JPG,/wiki/The_Doobie_Brothers
232,2020,,Whitney Houston[156],,First nomination,Alicia Keys,Whitney Houston,/wiki/File:Whitney_Houston_Welcome_Home_Heroes_1_cropped.jpg,/wiki/Whitney_Houston
233,2020,,Nine Inch Nails,"Alessandro Cortini, Robin Finck, Danny Lohner, Trent Reznor, Atticus Ross, Ilan Rubin, and Chris Vrenna.[157][158]","2 (2015, 2016)",Iggy Pop,Nine Inch Nails,/wiki/File:Trent_Reznor_Lollapalooza_1991.jpg,/wiki/Nine_Inch_Nails
234,2020,,The Notorious B.I.G.[159],,First nomination; First year of eligibility,Sean Combs,The Notorious B.I.G.,/wiki/File:Biggie_Smalls_1997.jpg,/wiki/The_Notorious_B.I.G.
235,2020,,T. Rex,"Marc Bolan, Steve Currie, Mickey Finn, and Bill Legend.[160]",First nomination,Ringo Starr,T. Rex,/wiki/File:Marc_Bolan_In_Concert_1973.jpg,/wiki/T._Rex_(band)
236,2021,,Foo Fighters[161],"Dave Grohl, Taylor Hawkins, Rami Jaffee, Nate Mendel, Chris Shiflett, and Pat Smear.[162]",First nomination; First year of eligibility,Paul McCartney,Foo Fighters,/wiki/File:FoosLondonStad220618-124_(42989552522).jpg,/wiki/Foo_Fighters
237,2021,,The Go-Go's[161],"Charlotte Caffey, Belinda Carlisle, Gina Schock, Kathy Valentine, and Jane Wiedlin.[164]",First nomination,Drew Barrymore,The Go-Go's,/wiki/File:The_Go-Go%27s_(1981_I.R.S._publicty_photo_03).jpg,/wiki/The_Go-Go%27s
238,2021,,Jay-Z[161][165],,First nomination; First year of eligibility,Dave Chappelle,Jay-Z,/wiki/File:Jay-Z_@_Shawn_%27Jay-Z%27_Carter_Foundation_Carnival_(crop_2).jpg,/wiki/Jay-Z
239,2021,,Carole King[161][167],,1 (1989),Taylor Swift,Carole King,/wiki/File:Carole_King_2002_(cropped).jpg,/wiki/Carole_King
240,2021,,Todd Rundgren[161][168],,"2 (2019, 2020)",Patti Smith,Todd Rundgren,/wiki/File:Todd_Rundgren_1978_(cropped).jpg,/wiki/Todd_Rundgren
241,2021,,Tina Turner[161][170],,1 (1987),Angela Bassett,Tina Turner,/wiki/File:Tina_Turner_1970.jpg,/wiki/Tina_Turner
242,2022,,Pat Benatar and Neil Giraldo[171],Pat Benatar and Neil Giraldo.[171][N7],1 (2020),Sheryl Crow,Pat Benatar and Neil Giraldo,/wiki/File:Benatar_-_Giraldo.jpg,/wiki/Pat_Benatar
243,2022,,Duran Duran[173],"Warren Cuccurullo, Simon Le Bon, Nick Rhodes, Andy Taylor, John Taylor, and Roger Taylor.[174]",First nomination,Robert Downey Jr.,Duran Duran,/wiki/File:Duran_Duran_1983.jpg,/wiki/Duran_Duran
244,2022,,Eminem[173][175],,First nomination; First year of eligibility,Dr. Dre,Eminem,"/wiki/File:Eminem_-_Concert_for_Valor_in_Washington,_D.C._Nov._11,_2014_(2)_(cropped).jpg",/wiki/Eminem
245,2022,,Eurythmics[173],Annie Lennox and Dave Stewart.[176],1 (2018),The Edge,Eurythmics,/wiki/File:Eurythmics_1985.jpg,/wiki/Eurythmics
246,2022,,Dolly Parton[173][177],,First nomination,Pink,Dolly Parton,/wiki/File:Young-Dolly-Parton.jpg,/wiki/Dolly_Parton
247,2022,,Lionel Richie[173][178],,First nomination,Lenny Kravitz,Lionel Richie,/wiki/File:Lionel_Richie_2019.jpg,/wiki/Lionel_Richie
248,2022,,Carly Simon[173][179],,First nomination,Sara Bareilles,Carly Simon,/wiki/File:Carly_Simon_-_1978.jpg,/wiki/Carly_Simon
249,2023,,Kate Bush[180][181],,"3 (2018, 2021, 2022)",Big Boi,Kate Bush,/wiki/File:Kate_Bush_Hounds_of_Love_(1985_EMI_publicity_photo)_02_(cropped).jpg,/wiki/Kate_Bush
250,2023,,Sheryl Crow[180][182],,First nomination,Laura Dern,Sheryl Crow,/wiki/File:SherlCrowBourbon220918-34_(46953050345)_(cropped).jpg,/wiki/Sheryl_Crow
251,2023,,Missy Elliott[180][183],,First nomination; First year of eligibility,Queen Latifah,Missy Elliott,/wiki/File:Missy_Elliot.jpg,/wiki/Missy_Elliott
252,2023,,George Michael[180][184],,First nomination,Andrew Ridgeley,George Michael,/wiki/File:George_Michael_(cropped).jpeg,/wiki/George_Michael
253,2023,,Willie Nelson[180][185],,First nomination,Dave Matthews,Willie Nelson,/wiki/File:Willie_Nelson-14_(29827125591)_(cropped).jpg,/wiki/Willie_Nelson
254,2023,,Rage Against the Machine[180],"Tim Commerford, Zack de la Rocha, Tom Morello, and Brad Wilk.[186]","4 (2018, 2019, 2021, 2022)",Ice-T,Rage Against the Machine,/wiki/File:Rage_Against_The_Machine_(cropped).jpg,/wiki/Rage_Against_the_Machine
255,2023,,The Spinners[180],"John Edwards, Henry Fambrough, Billy Henderson, Pervis Jackson, Bobby Smith, and Philippé Wynne.[187]","3 (2012, 2015, 2016)",None,The Spinners,/wiki/File:The_Spinners_(1965).png,/wiki/The_Spinners_(American_group)
256,2024,,Mary J. Blige[188],,1 (2021),Dr. Dre and Method Man,Mary J. Blige,/wiki/File:JBligeliveSeptember2010_(cropped).jpg,/wiki/Mary_J._Blige
257,2024,,Cher[188],,First nomination,Zendaya,Cher,/wiki/File:Cher_-_Casablanca.jpg,/wiki/Cher
258,2024,,Dave Matthews Band[188],"Carter Beauford, Jeff Coffin, Stefan Lessard, Dave Matthews, LeRoi Moore, Tim Reynolds, Rashawn Ross, Buddy Strong, and Boyd Tinsley.[190]",1 (2020),Julia Roberts,Dave Matthews Band,/wiki/File:Dave_Matthews_Band_-_Band_Shot_Melbourne_2005.jpg,/wiki/Dave_Matthews_Band
259,2024,,Foreigner[188],"Dennis Elliott, Ed Gagliardi, Lou Gramm, Al Greenwood, Mick Jones, Ian McDonald, and Rick Wills.[190]",First nomination,Sammy Hagar,Foreigner,/wiki/File:Foreigner_Head_Games_(1979_Atlantic_publicity_photo).jpg,/wiki/Foreigner_(band)
260,2024,,Peter Frampton[188],,First nomination,Roger Daltrey,Peter Frampton,/wiki/File:FramptonRAH081122_(7_of_24)_(52495439543)_(cropped).jpg,/wiki/Peter_Frampton
261,2024,,Kool & the Gang[188],"Robert ""Kool"" Bell, Ronald Bell, George Brown, Robert ""Spike"" Mickens, Claydes Charles Smith, James ""J.T."" Taylor, Dennis ""Dee Tee"" Thomas, and Ricky Westfield.[190]",First nomination,Chuck D,Kool & the Gang,/wiki/File:Kool_%26_the_Gang_-_Leverkusener_Jazztage_2017-1963_(cropped).jpg,/wiki/Kool_%26_the_Gang
262,2024,,Ozzy Osbourne[188],,First nomination,Jack Black,Ozzy Osbourne,/wiki/File:OzzyChangingHands02-20-2010.jpg,/wiki/Ozzy_Osbourne
263,2024,,A Tribe Called Quest[188],"Ali Shaheed Muhammad, Phife Dawg, Q-Tip, and Jarobi White.[190][192]","2 (2022, 2023)",Dave Chappelle,A Tribe Called Quest,/wiki/File:Tribe_2009.jpg,/wiki/A_Tribe_Called_Quest
264,2025,,Bad Company[193],"Boz Burrell, Simon Kirke, Mick Ralphs, and Paul Rodgers.[194]",First nomination,,Bad Company,/wiki/File:Bad_Company_-_1976.jpg,/wiki/Bad_Company
265,2025,,Chubby Checker[193],,First nomination,,Chubby Checker,/wiki/File:WIKI_CHUBBY_CHECKER_1.jpg,/wiki/Chubby_Checker
266,2025,,Joe Cocker[193],,First nomination,,Joe Cocker,/wiki/File:Joe_cocker_1970.JPG,/wiki/Joe_Cocker
267,2025,,Cyndi Lauper[193],,1 (2023),,Cyndi Lauper,/wiki/File:CyndiLauperRAH260624_(42_of_51)_(53819380830)_(cropped).jpg,/wiki/Cyndi_Lauper
268,2025,,Outkast[193],André 3000 and Big Boi.[195],First nomination,,Outkast,/wiki/File:OutKast_2001.jpg,/wiki/Outkast
269,2025,,Soundgarden[193],"Matt Cameron, Chris Cornell, Ben Shepherd, Kim Thayil, and Hiro Yamamoto.[196]","2 (2020, 2023)",,Soundgarden,/wiki/File:Soundgarden_at_Paramount_Theatre.jpg,/wiki/Soundgarden
270,2025,,The White Stripes[193],Jack White and Meg White.[197][198],1 (2023),,The White Stripes,"/wiki/File:Jack_%26_Meg,_The_White_Stripes.jpg",/wiki/The_White_Stripes
